country,n_transactions,fraud_rate,avg_purchase_value
United States,58049,0.09562610897689883,36.85884339092836
China,12038,0.08664229938527995,36.92274464196711
Japan,7306,0.09786476868327403,36.775937585546124
United Kingdom,4490,0.10623608017817372,36.87527839643653
Korea Republic of,4162,0.0913022585295531,37.8207592503604
Germany,3646,0.0718595721338453,37.218869994514534
France,3161,0.09490667510281557,36.58082885162923
Canada,2975,0.11697478991596638,37.47495798319328
Brazil,2961,0.0911854103343465,37.25937183383992
Italy,1944,0.08539094650205761,37.99588477366255
Australia,1844,0.08947939262472886,36.40780911062907
Netherlands,1680,0.07321428571428572,36.135714285714286
Russian Federation,1616,0.08292079207920793,36.915222772277225
India,1310,0.11526717557251909,37.3381679389313
Taiwan; Republic of China (ROC),1237,0.08003233629749394,37.13662085691188
Mexico,1121,0.12845673505798394,38.290811775200716
Sweden,1090,0.12018348623853212,36.511926605504584
Spain,1027,0.07108081791626096,36.4634858812074
South Africa,838,0.0883054892601432,36.55727923627685
Switzerland,785,0.08789808917197452,36.03312101910828
Poland,729,0.053497942386831275,37.89711934156379
Argentina,661,0.09984871406959153,36.24810892586989
Indonesia,649,0.08782742681047766,36.57164869029276
Norway,609,0.1297208538587849,37.8752052545156
Colombia,602,0.059800664451827246,37.493355481727576
Turkey,568,0.07394366197183098,37.78169014084507
Viet Nam,550,0.06727272727272728,37.223636363636366
Romania,525,0.05142857142857143,36.92952380952381
Denmark,490,0.15918367346938775,36.310204081632655
Hong Kong,471,0.12951167728237792,36.67940552016985
Finland,460,0.09565217391304348,35.81739130434783
Austria,435,0.07586206896551724,36.777011494252875
Ukraine,429,0.11655011655011654,36.815850815850816
Chile,417,0.15347721822541965,37.70743405275779
Belgium,409,0.13691931540342298,35.23227383863081
Iran (ISLAMIC Republic Of),389,0.10796915167095116,36.804627249357324
Egypt,359,0.13370473537604458,38.5125348189415
Czech Republic,349,0.09742120343839542,38.0487106017192
Thailand,291,0.06529209621993128,36.95189003436426
New Zealand,278,0.22302158273381295,39.014388489208635
Israel,272,0.04411764705882353,37.25367647058823
Saudi Arabia,264,0.1893939393939394,35.734848484848484
Venezuela,251,0.13147410358565736,35.95219123505976
Ireland,240,0.22916666666666666,37.90833333333333
European Union,238,0.058823529411764705,35.6764705882353
Greece,231,0.14285714285714285,35.77489177489178
Portugal,229,0.043668122270742356,36.427947598253276
Hungary,211,0.09004739336492891,38.88625592417062
Malaysia,210,0.05238095238095238,35.46190476190476
Singapore,208,0.0673076923076923,39.1875
Pakistan,186,0.043010752688172046,35.83870967741935
Philippines,177,0.05649717514124294,34.78531073446328
Bulgaria,166,0.012048192771084338,36.06024096385542
Morocco,158,0.03164556962025317,39.58227848101266
Algeria,122,0.10655737704918032,36.49180327868852
Peru,119,0.2605042016806723,35.378151260504204
Tunisia,118,0.2627118644067797,30.838983050847457
United Arab Emirates,114,0.14035087719298245,33.833333333333336
Ecuador,106,0.2641509433962264,39.08490566037736
Seychelles,95,0.12631578947368421,35.17894736842105
Lithuania,95,0.18947368421052632,39.82105263157895
Kenya,93,0.07526881720430108,41.365591397849464
Kazakhstan,92,0.06521739130434782,35.18478260869565
Costa Rica,90,0.13333333333333333,35.2
Kuwait,90,0.23333333333333334,36.644444444444446
Slovenia,87,0.022988505747126436,39.55172413793103
Slovakia (SLOVAK Republic),86,0.046511627906976744,35.651162790697676
Uruguay,80,0.0625,34.9875
Croatia (LOCAL Name: Hrvatska),79,0.08860759493670886,39.037974683544306
Belarus,72,0.027777777777777776,35.138888888888886
Luxembourg,72,0.3888888888888889,36.486111111111114
Serbia,69,0.014492753623188406,37.072463768115945
Nigeria,67,0.04477611940298507,34.43283582089552
Latvia,64,0.09375,34.21875
Panama,62,0.04838709677419355,35.24193548387097
Bolivia,53,0.24528301886792453,37.528301886792455
Dominican Republic,51,0.0392156862745098,35.294117647058826
Cyprus,43,0.046511627906976744,46.604651162790695
Estonia,42,0.023809523809523808,42.523809523809526
Oman,41,0.0,39.02439024390244
Bangladesh,37,0.08108108108108109,39.78378378378378
Moldova Republic of,37,0.05405405405405406,36.054054054054056
Paraguay,35,0.08571428571428572,28.34285714285714
Georgia,32,0.0625,35.625
Sri Lanka,31,0.41935483870967744,39.54838709677419
Bosnia and Herzegowina,30,0.03333333333333333,40.6
Puerto Rico,30,0.0,38.266666666666666
Lebanon,28,0.10714285714285714,38.535714285714285
Jordan,28,0.0,35.82142857142857
Qatar,25,0.0,36.4
Sudan,25,0.08,33.92
El Salvador,25,0.08,39.52
Angola,24,0.041666666666666664,34.833333333333336
Macedonia,24,0.041666666666666664,33.125
Syrian Arab Republic,24,0.0,41.166666666666664
Namibia,23,0.43478260869565216,50.869565217391305
Azerbaijan,23,0.08695652173913043,38.130434782608695
Malta,22,0.18181818181818182,34.45454545454545
Trinidad and Tobago,22,0.09090909090909091,37.63636363636363
Guatemala,20,0.05,33.95
Iraq,20,0.0,36.1
Iceland,19,0.10526315789473684,36.68421052631579
Nepal,18,0.0,37.94444444444444
Kyrgyzstan,18,0.0,35.611111111111114
Mauritius,17,0.058823529411764705,33.0
Palestinian Territory Occupied,16,0.0,34.125
Nicaragua,16,0.0625,31.375
Mozambique,16,0.0,38.125
Rwanda,15,0.0,38.8
Tanzania United Republic of,15,0.0,34.733333333333334
Armenia,15,0.13333333333333333,43.53333333333333
Cambodia,15,0.0,39.8
Libyan Arab Jamahiriya,14,0.07142857142857142,37.714285714285715
Bahrain,14,0.0,25.0
Albania,13,0.0,29.153846153846153
Uganda,13,0.0,31.46153846153846
Ghana,11,0.0,32.81818181818182
Uzbekistan,10,0.2,38.1
Macau,10,0.0,44.1
Zambia,10,0.0,34.2
Gabon,9,0.0,30.666666666666668
Honduras,9,0.1111111111111111,45.111111111111114
Barbados,9,0.0,28.0
Senegal,9,0.1111111111111111,26.666666666666668
Cuba,9,0.0,28.666666666666668
Malawi,7,0.14285714285714285,34.42857142857143
Guam,7,0.0,40.57142857142857
Jamaica,7,0.0,37.714285714285715
Brunei Darussalam,7,0.0,39.285714285714285
Belize,7,0.0,45.0
Montenegro,7,0.14285714285714285,26.571428571428573
Afghanistan,6,0.16666666666666666,32.333333333333336
Zimbabwe,6,0.0,38.0
Mongolia,6,0.0,33.0
Cote D'ivoire,6,0.16666666666666666,20.833333333333332
New Caledonia,5,0.0,57.6
Cameroon,5,0.0,33.6
Lao People's Democratic Republic,4,0.0,29.25
Bahamas,4,0.0,41.5
Cayman Islands,4,0.0,27.0
Ethiopia,4,0.0,42.25
Haiti,4,0.0,25.75
Papua New Guinea,4,0.0,32.25
Congo,3,0.0,44.666666666666664
Botswana,3,0.0,25.333333333333332
Antigua and Barbuda,3,0.0,31.666666666666668
Reunion,3,0.0,41.666666666666664
Congo The Democratic Republic of The,3,0.0,36.333333333333336
Virgin Islands (U.S.),3,0.3333333333333333,43.333333333333336
Monaco,3,0.0,23.666666666666668
Curacao,3,0.0,25.0
Faroe Islands,3,0.0,28.333333333333332
Djibouti,3,0.0,35.333333333333336
Benin,2,0.0,23.0
Bhutan,2,0.0,34.0
Bermuda,2,0.0,27.0
Maldives,2,0.0,37.5
Burkina Faso,2,0.0,32.5
Fiji,2,0.0,41.0
Gibraltar,2,0.0,46.5
Saint Kitts and Nevis,2,0.0,40.0
Lesotho,2,0.0,36.0
Liechtenstein,2,0.0,42.0
Nauru,1,0.0,45.0
Vanuatu,1,0.0,24.0
Yemen,1,0.0,26.0
Bonaire; Sint Eustatius; Saba,1,0.0,32.0
British Indian Ocean Territory,1,0.0,24.0
San Marino,1,0.0,12.0
Burundi,1,0.0,18.0
Turkmenistan,1,1.0,37.0
Myanmar,1,0.0,18.0
Cape Verde,1,0.0,30.0
Madagascar,1,0.0,33.0
Tajikistan,1,0.0,10.0
Niger,1,0.0,40.0
South Sudan,1,0.0,38.0
Gambia,1,0.0,29.0
Guadeloupe,1,0.0,25.0
Saint Martin,1,0.0,74.0
Dominica,1,0.0,79.0
