seller_id,n_orders,n_reviews,avg_review_score,pct_5star,cancellation_rate,n_5star_on_cancelled_orders
f1c1ac3f3efc07e659c035008e615e66,4,14,3.5714285714285716,0.42857142857142855,0.35714285714285715,5
620c87c171fb2a6dd6e8bb4dec959fc6,740,790,4.215189873417722,0.654228855721393,0.011194029850746268,3
4a3ca9315b744ce9f8e9374361493884,1806,1984,3.803931451612903,0.4713787954206073,0.0009955201592832255,1
c1d1ebb4745cc43cb6f05e9c8a705c9a,3,3,2.3333333333333335,0.3333333333333333,0.6666666666666666,1
010da0602d7774602cd1b3f5fb7b709e,1,5,1.0,0.0,0.0,0
aac51c486b672a9850d59f3e84b1cf88,10,13,4.769230769230769,0.7692307692307693,0.0,0
bcf5566870987da7bc811fbc8c5b9fd9,1,4,1.0,0.0,1.0,0
bac692d6c0ed08467878018e6cc9c26c,1,3,4.0,0.0,0.0,0
b37c4c02bda3161a7546a4e6d222d5b2,4,15,1.4,0.06666666666666667,0.0,0
b1b3948701c5c72445495bd161b83a4c,18,18,1.7222222222222223,0.1111111111111111,0.1111111111111111,0
a4b6b9b992b46e9ef863637af96e04bc,7,14,2.5714285714285716,0.07142857142857142,0.42857142857142855,0
a3b42d266fa8afc874b909422ce88582,1,6,5.0,1.0,0.0,0
a1043bafd471dff536d0c462352beb48,718,767,4.189048239895698,0.5896103896103896,0.003896103896103896,0
99a25c39b28a74d1151c35c18d178292,1,6,5.0,1.0,0.0,0
9599519be538b98748162a2b48248960,1,3,1.0,0.0,0.0,0
955fee9216a65b617aa5c0531780ce60,1287,1489,4.0517125587642715,0.5356429047301798,0.0006662225183211193,0
90d4125885ab6c86e8820a722be71974,3,5,1.0,0.0,1.0,0
c00396cbdd2e088fe4281baa5920aef1,1,3,5.0,1.0,0.0,0
c510bc1718f0f2961eaa42a23330681a,13,13,4.0,0.6923076923076923,0.0,0
c4f7fee5b0db50e87766f5a4d1b1b758,8,9,2.6666666666666665,0.3333333333333333,0.4444444444444444,0
87b740daf17b5d1be335a64164ec6842,13,13,3.3076923076923075,0.23076923076923078,0.07692307692307693,0
cc419e0650a3c5ba77189a1882b7556a,1706,1811,4.0695748205411375,0.5788894997251237,0.004947773501924134,0
d13e50eaa47b4cbe9eb81465865d8cfc,67,69,4.811594202898551,0.8985507246376812,0.0,0
d17f467e4bf608a510c20d82f4ba3b6b,12,12,4.0,0.3333333333333333,0.0,0
d4910f1cdcfdabd48d6b316e395d4a23,11,12,4.916666666666667,0.9166666666666666,0.0,0
d4a5e99e0dd915df64ba55a7fbd583fd,2,6,1.6666666666666667,0.16666666666666666,0.0,0
d7ab82074b5f1dfba46db123df101bff,2,3,4.333333333333333,0.3333333333333333,0.0,0
d8cf3b6a2151949f930d0252b180ec42,6,19,3.0,0.42105263157894735,0.0,0
da8622b14eb17ae2831f4ac5b9dab84a,1314,1568,4.071428571428571,0.5673443456162643,0.0,0
ea8482cd71df3c1969d7b9473ff13abc,1146,1197,3.953216374269006,0.5149501661129569,0.0008305647840531562,0
ec4608a1f76453166bb312b2968aeaf4,18,35,2.6857142857142855,0.22857142857142856,0.17142857142857143,0
ec8463980a4e0ea9f8517aea1ed0c419,2,8,5.0,1.0,0.0,0
ed8cb7b190ceb6067227478e48cf8dde,15,17,3.176470588235294,0.29411764705882354,0.0,0
fa1c13f2614d7b5c4749cbc52fecda94,585,582,4.34020618556701,0.6723549488054608,0.0017064846416382253,0
8b321bb669392f5163d04c59e235e066,943,1014,3.995069033530572,0.5442043222003929,0.0,0
81783131d2a97c8d44d406a4be81b5d9,13,14,3.4285714285714284,0.5333333333333333,0.4,0
81f89e42267213cb94da7ddc301651da,46,52,3.5384615384615383,0.3076923076923077,0.0,0
4e8dacf3d38f281ae26c3e0321d92d88,10,15,2.466666666666667,0.13333333333333333,0.3333333333333333,0
0b36063d5818f81ccb94b54adfaebbf5,1,15,5.0,1.0,0.0,0
1025f0e2d44d7041d6cf58b6550e0bfa,915,1431,3.8497554157931515,0.5051975051975052,0.0,0
17adeba047385fb0c67d8e90b4296d21,1,3,1.0,0.0,0.0,0
1cbcd2ee0afb3fc09963b87eb65e7e4f,1,3,5.0,1.0,0.0,0
1f50f920176fa81dab994f9023523100,1404,1932,3.9824016563147,0.5649484536082474,0.0005154639175257732,0
1fe5540d7c1c37a595fefbacd5570d9e,20,25,4.28,0.6,0.0,0
2a167ca73899c85001a837d8fb4962f6,2,3,4.333333333333333,0.3333333333333333,0.0,0
37ceb404da208418c9032f0674e57804,1,3,1.0,0.0,1.0,0
3bfad056cf05c00dabe2f895925d83b1,1,5,1.0,0.0,0.0,0
3d871de0142ce09b7081e2b9d1733cb1,1080,1136,4.11443661971831,0.5505226480836237,0.003484320557491289,0
42d4b7e70819438f5ada61c965e92d7e,1,3,1.0,0.0,0.0,0
4869f7a5dfa277a7dca6462dcf3b52b2,1132,1148,4.122822299651568,0.5908304498269896,0.0008650519031141869,0
48e5ee06fb2dc74df1c711a9b6dfac2a,1,3,5.0,1.0,0.0,0
48efc9d94a9834137efd9ea76b065a38,33,34,5.0,1.0,0.0,0
5151aea44289d6c6b090ee31c2132508,7,6,1.8333333333333333,0.0,0.0,0
028872bfa080090a9d0abd4f1af168f8,1,3,5.0,1.0,0.0,0
53243585a1d6dc2643021fd1853d8905,358,408,4.075980392156863,0.5121951219512195,0.0,0
5a413ade68e8f8d93071a7f52a64cb9e,14,14,4.642857142857143,0.8571428571428571,0.0,0
5a4236931428800e9d9cc04af0987118,1,3,5.0,1.0,0.0,0
5b07547f10dd980738a1a27f685af669,13,14,4.5,0.7142857142857143,0.0,0
630008e0f062605a415d694489f6f82e,2,3,3.0,0.3333333333333333,0.6666666666666666,0
6560211a19b47992c3666cc44a7e94c0,1854,2020,3.9094059405940595,0.5022069641981364,0.00392349190779794,0
66d5ae34537110d3affc56174dad2b2f,1,3,1.0,0.0,1.0,0
6ee85be3693ed79a8e80718743d80655,9,13,1.9230769230769231,0.15384615384615385,0.38461538461538464,0
731ef20c231d9a7103a425e83fd91271,2,3,3.6666666666666665,0.0,0.0,0
7994081388d55b9cf976c050653dd359,2,6,1.6666666666666667,0.16666666666666666,0.8333333333333334,0
7a188843479798ca813108fa7b959286,1,3,1.0,0.0,0.0,0
7a67c85e85bb2ce8582c35f2203ad736,1160,1166,4.234991423670669,0.6102127659574468,0.000851063829787234,0
7c67e1448b00f6e969d365cea6b010ab,982,1367,3.348207754206291,0.31781818181818183,0.0,0
7d13fca15225358621be4086e1eb0964,565,574,4.001742160278746,0.5536332179930796,0.0,0
fc6295add6f51a0936407ead70c1001d,1,4,1.0,0.0,0.0,0
