entity_id,n_events,n_unique_customers,first_event_ts,last_event_ts,lifetime_days,events_per_day,days_since_first_event,pct_events_in_first_14d,top3_customer_concentration,cancellation_rate,total_amount,avg_amount,amount_std,primary_category,category_baseline_cancel_rate,cancel_rate_deviation,source,log_n_events,log_avg_amount,log_amount_std,rule_flag_single_customer_all_cancelled,anomaly_score,anomaly_score_raw
14213.0,5,1,2010-12-03 09:47:00,2010-12-03 09:47:00,1.0,5.0,371.12708333333336,1.0,1.0,1.0,-1192.2,-238.44,114.1990499084822,ADVENT CALENDAR GINGHAM SACK,0.015810276679841896,0.9841897233201581,uk_online_retail,1.791759469228055,0.0,4.746661500905578,True,-1,-0.18757378346251552
12605.0,3,1,2010-12-09 15:41:00,2010-12-09 15:41:00,1.0,3.0,364.88125,1.0,1.0,1.0,-7.5,-2.5,1.472243186433546,36 FOIL HEART CAKE CASES,0.014354066985645933,0.9856459330143541,uk_online_retail,1.3862943611198906,0.0,0.9051259111457796,True,-1,-0.18673098837720103
14627.0,5,1,2011-02-01 10:49:00,2011-02-01 10:49:00,1.0,5.0,311.0840277777778,1.0,1.0,1.0,-21.85,-4.37,1.1454256850621083,ALARM CLOCK BAKELIKE IVORY,0.025252525252525252,0.9747474747474747,uk_online_retail,1.791759469228055,0.0,0.7633379872648857,True,-1,-0.18375725419642364
15728.0,4,1,2011-10-21 14:03:00,2011-10-21 14:03:00,1.0,4.0,48.949305555555554,1.0,1.0,1.0,-134.8,-33.7,27.722463815469215,CHOCOLATE HOT WATER BOTTLE,0.008998875140607425,0.9910011248593926,uk_online_retail,1.6094379124341003,0.0,3.3576795279471905,True,-1,-0.18190142356467975
18256.0,4,1,2010-12-20 08:27:00,2010-12-20 08:27:00,1.0,4.0,354.1826388888889,1.0,1.0,1.0,-50.1,-12.525,3.205334095951103,CHRISTMAS RETROSPOT STAR WOOD,0.015,0.985,uk_online_retail,1.6094379124341003,0.0,1.4363537423379908,True,-1,-0.1818445532773496
14777.0,3,1,2010-12-16 15:27:00,2011-12-05 13:20:00,353.91180555555553,0.008476688126553816,357.8909722222222,0.6666666666666666,1.0,1.0,-17.45,-5.816666666666666,4.965212315030781,RECIPE BOX PANTRY YELLOW DESIGN,0.03983050847457627,0.9601694915254237,uk_online_retail,1.3862943611198906,0.0,1.7859446483834682,True,-1,-0.18034479277407955
16262.0,3,1,2010-12-14 11:55:00,2010-12-14 11:55:00,1.0,3.0,360.03819444444446,1.0,1.0,1.0,-31.65,-10.549999999999999,8.258783203353868,DOORSTOP RETROSPOT HEART,0.013157894736842105,0.9868421052631579,uk_online_retail,1.3862943611198906,0.0,2.2255726364983883,True,-1,-0.17890133689129728
13693.0,4,1,2011-01-18 15:21:00,2011-01-18 15:23:00,1.0,4.0,324.8951388888889,1.0,1.0,1.0,-32.0,-8.0,5.486042896903621,DANISH ROSE ROUND SEWING BOX,0.03125,0.96875,uk_online_retail,1.6094379124341003,0.0,1.8696526216319296,True,-1,-0.176078776460318
17820.0,5,1,2010-12-15 17:04:00,2011-06-01 15:14:00,167.92361111111111,0.02977544353004425,358.8236111111111,0.6,1.0,1.0,-24.05,-4.8100000000000005,4.557192117960357,GREEN REGENCY TEACUP AND SAUCER,0.03870967741935484,0.9612903225806452,uk_online_retail,1.791759469228055,0.0,1.7150929659442586,True,-1,-0.1753558492891215
13958.0,5,1,2010-12-02 17:03:00,2010-12-02 17:03:00,1.0,5.0,371.82430555555555,1.0,1.0,1.0,-102.45,-20.490000000000002,7.34969387117586,CREAM SWEETHEART MINI CHEST,0.04684684684684685,0.9531531531531532,uk_online_retail,1.791759469228055,0.0,2.1222248760560642,True,-1,-0.17439404551521043
12607.0,202,1,2011-10-10 16:06:00,2011-10-12 16:17:00,2.0076388888888888,100.61570390868212,59.86388888888889,1.0,1.0,0.5,3.552713678800501e-15,1.75876914792104e-17,16.773833418816015,3 RAFFIA RIBBONS 50'S CHRISTMAS ,0.0049504950495049506,0.49504950495049505,uk_online_retail,5.313205979041787,1.75876914792104e-17,2.8777273430891763,False,-1,-0.17106548020675327
16252.0,21,1,2010-12-08 16:15:00,2010-12-08 16:15:00,1.0,21.0,365.8576388888889,1.0,1.0,1.0,-295.09,-14.05190476190476,4.612763400660843,BINGO SET,0.012919896640826873,0.9870801033591732,uk_online_retail,3.091042453358316,0.0,1.725043183042573,True,-1,-0.16898048883680394
16742.0,4,1,2011-10-24 11:58:00,2011-10-24 12:02:00,1.0,4.0,46.03611111111111,1.0,1.0,0.75,0.0,0.0,365.4019795604105,Manual,0.42657342657342656,0.32342657342657344,uk_online_retail,1.6094379124341003,0.0,5.903731035515759,False,-1,-0.16515727662393487
18087.0,7,1,2011-02-11 11:24:00,2011-09-02 15:12:00,203.15833333333333,0.03445588416259896,301.0597222222222,0.42857142857142855,1.0,0.7142857142857143,3770.1199999999994,538.5885714285713,1223.1405548481687,CHRISTMAS RETROSPOT STAR WOOD,0.015,0.6992857142857143,uk_online_retail,2.0794415416798357,6.29080694439947,7.109994288871832,False,-1,-0.16512310119072082
15823.0,17,1,2010-12-02 15:08:00,2011-01-06 12:58:00,34.90972222222222,0.4869703600556992,371.90416666666664,0.058823529411764705,1.0,0.9411764705882353,-840.76,-49.45647058823529,45.838103274074356,ASSORTED TUTTI FRUTTI HEART BOX,0.05555555555555555,0.8856209150326797,uk_online_retail,2.8903717578961645,0.0,3.8466970441878976,True,-1,-0.15143891421121658
15802.0,3,1,2011-07-20 11:23:00,2011-07-20 11:40:00,1.0,3.0,142.06041666666667,1.0,1.0,0.6666666666666666,-451.42,-150.47333333333333,521.2549170351617,Manual,0.42657342657342656,0.24009324009324007,uk_online_retail,1.3862943611198906,0.0,6.258155815490796,False,-1,-0.1481012130773427
15098.0,5,1,2011-06-10 15:22:00,2011-06-10 15:39:00,1.0,5.0,181.89444444444445,1.0,1.0,0.4,649.5,129.9,27558.28232219853,PICNIC BASKET WICKER 60 PIECES,0.0,0.4,uk_online_retail,1.791759469228055,4.874433672915854,10.2240946842297,False,-1,-0.14211204306077907
12454.0,30,1,2011-10-14 17:13:00,2011-10-17 15:07:00,2.9125,10.300429184549357,55.81736111111111,1.0,1.0,0.5,5.684341886080802e-14,1.8947806286936005e-15,260.3465868732519,3 DRAWER ANTIQUE WHITE WOOD CABINET,0.023474178403755867,0.4765258215962441,uk_online_retail,3.4339872044851463,1.8947806286935985e-15,5.565847445472551,False,-1,-0.14067581532067186
12908.0,4,1,2011-01-31 12:36:00,2011-10-12 10:11:00,253.89930555555554,0.015754277040055796,312.0097222222222,0.5,1.0,0.5,246.0,61.5,381.9751300804805,ASSORTED COLOURS SILK FAN,0.0076481835564053535,0.49235181644359466,uk_online_retail,1.6094379124341003,4.135166556742356,5.947970052556593,False,-1,-0.13131588584860832
12755.0,6,1,2010-12-09 10:44:00,2011-04-04 10:12:00,115.97777777777777,0.051734048668327266,365.0875,0.16666666666666666,1.0,0.3333333333333333,2203.2,367.2,1795.5956610551273,ROUND SNACK BOXES SET OF 4 FRUITS ,0.02618657937806874,0.3071467539552646,uk_online_retail,1.9459101490553132,5.908626268798978,7.49364885370543,False,-1,-0.1287717868371503
17548.0,17,1,2010-12-01 10:24:00,2011-05-06 10:00:00,155.98333333333332,0.10898600277807459,373.1013888888889,0.4117647058823529,1.0,0.7058823529411765,-141.48,-8.32235294117647,21.795151848923812,IVORY GIANT GARDEN THERMOMETER,0.02926829268292683,0.6766140602582497,uk_online_retail,2.8903717578961645,0.0,3.1265478751445905,False,-1,-0.1285132151701488
15749.0,15,1,2011-01-11 12:55:00,2011-04-18 13:20:00,97.01736111111111,0.15461150280949143,331.99652777777777,0.3333333333333333,1.0,0.3333333333333333,21535.9,1435.7266666666667,4586.563235686648,DOORMAT FAIRY CAKE,0.008086253369272238,0.3252470799640611,uk_online_retail,2.772588722239781,7.270122656898687,8.431104276613686,False,-1,-0.12550565525214386
14792.0,4,1,2011-10-06 18:34:00,2011-10-07 09:19:00,1.0,4.0,63.76111111111111,1.0,1.0,0.5,0.0,0.0,3.8179401077893647,AIRLINE BAG VINTAGE TOKYO 78,0.024213075060532687,0.47578692493946734,uk_online_retail,1.6094379124341003,0.0,1.5723464731875123,False,-1,-0.12372350727867243
15100.0,6,1,2010-12-01 09:09:00,2011-01-13 17:09:00,43.333333333333336,0.13846153846153844,373.1534722222222,0.5,1.0,0.5,635.1,105.85000000000001,215.9862634521001,VICTORIAN SEWING BOX LARGE,0.0989010989010989,0.4010989010989011,uk_online_retail,1.9459101490553132,4.671425981765156,5.379834049472745,False,-1,-0.1166764904701566
16878.0,6,1,2011-09-16 17:39:00,2011-11-15 08:52:00,59.634027777777774,0.1006136969711085,83.79930555555555,0.5,1.0,0.5,0.0,0.0,6.271044570085594,PACK OF 6 BIRDY GIFT TAGS,0.007142857142857143,0.4928571428571429,uk_online_retail,1.9459101490553132,0.0,1.9838999634917391,False,-1,-0.11641082161341298
13762.0,14,1,2011-05-05 09:15:00,2011-05-19 15:23:00,14.255555555555556,0.9820732657833203,218.14930555555554,0.5,1.0,0.5,3.552713678800501e-15,2.5376526277146434e-16,54.70364127945022,HANGING METAL HEART LANTERN,0.029649595687331536,0.47035040431266845,uk_online_retail,2.70805020110221,2.537652627714643e-16,4.02004551785666,False,-1,-0.1149326509409615
14557.0,32,1,2011-09-15 15:48:00,2011-10-06 20:36:00,21.2,1.509433962264151,84.87638888888888,0.5,1.0,0.5,0.0,0.0,59.39751205824767,12 COLOURED PARTY BALLOONS,0.0058823529411764705,0.49411764705882355,uk_online_retail,3.4965075614664802,0.0,4.100947913003778,False,-1,-0.1117775579724467
18220.0,4,1,2011-04-27 09:03:00,2011-05-04 11:23:00,7.097222222222222,0.5636007827788649,226.1576388888889,1.0,1.0,0.5,297.78000000000003,74.44500000000001,90.29757674858539,STRAWBERRY CERAMIC TRINKET BOX,0.07142857142857142,0.4285714285714286,uk_online_retail,1.6094379124341003,4.323403913965615,4.514124245612163,False,-1,-0.1106307210139299
16716.0,3,1,2011-02-01 15:35:00,2011-03-18 10:03:00,44.769444444444446,0.06700998945213128,310.8854166666667,0.6666666666666666,1.0,0.3333333333333333,319.8000000000001,106.60000000000004,659.9624534774687,3 HOOK PHOTO SHELF ANTIQUE WHITE,0.04218362282878412,0.2911497105045492,uk_online_retail,1.3862943611198906,4.678420647727684,6.49369703563241,False,-1,-0.10968513732126972
13364.0,20,1,2011-09-29 18:13:00,2011-10-04 09:48:00,4.649305555555555,4.301717699775953,70.77569444444444,1.0,1.0,0.5,0.0,0.0,14.737283903152074,BLUE DRAWER KNOB ACRYLIC EDWARDIAN,0.01,0.49,uk_online_retail,3.044522437723423,0.0,2.756032667943518,False,-1,-0.10925995082797901
16446.0,4,1,2011-05-18 09:52:00,2011-12-09 09:27:00,204.98263888888889,0.01951384771745575,205.1236111111111,0.5,1.0,0.25,2.8999999999941792,0.7249999999985448,137554.85239290603,"PAPER CRAFT , LITTLE BIRDIE",0.5,-0.25,uk_online_retail,1.6094379124341003,0.5452270504824794,11.831785312833327,False,-1,-0.10865692833302842
12558.0,22,1,2011-12-02 10:41:00,2011-12-08 10:14:00,5.98125,3.67816091954023,7.089583333333334,1.0,1.0,0.5,1.0658141036401503e-14,4.844609562000683e-16,33.05272440323476,CARD DOLLY GIRL ,0.009404388714733543,0.49059561128526646,uk_online_retail,3.1354942159291497,4.844609562000682e-16,3.5279100412371753,False,-1,-0.1083086311750523
18274.0,22,1,2011-11-09 17:03:00,2011-11-22 10:18:00,12.71875,1.7297297297297298,29.824305555555554,1.0,1.0,0.5,1.7763568394002505e-15,8.074349270001139e-17,16.645272173031167,FAIRY CAKE FLANNEL ASSORTED COLOUR,0.011111111111111112,0.4888888888888889,uk_online_retail,3.1354942159291497,8.074349270001139e-17,2.870467881946279,False,-1,-0.10579150947817229
15221.0,11,1,2010-12-05 12:29:00,2010-12-08 13:08:00,3.027083333333333,3.633860977288369,369.01458333333335,1.0,1.0,0.5454545454545454,114.1,10.372727272727273,82.07613954017441,CHEST 7 DRAWER MA CAMPAGNE,0.037037037037037035,0.5084175084175084,uk_online_retail,2.4849066497880004,2.431218144674495,4.419757531151388,False,-1,-0.10036150246764297
12931.0,102,1,2010-12-17 09:45:00,2011-11-18 12:39:00,336.12083333333334,0.30346229654514123,357.12847222222223,0.0196078431372549,1.0,0.19607843137254902,33462.81,328.06676470588235,675.0280078342797,RED TOADSTOOL LED NIGHT LIGHT,0.013729977116704805,0.1823484542558442,uk_online_retail,4.634728988229636,5.796260662414135,6.516234506892209,False,-1,-0.09810435744861667
15171.0,7,1,2011-01-12 15:36:00,2011-01-19 12:39:00,6.877083333333333,1.0178733717055437,330.8847222222222,1.0,1.0,0.2857142857142857,1034.5,147.78571428571428,292.3257111999754,PINK BABY BUNTING,0.008547008547008548,0.2771672771672771,uk_online_retail,2.0794415416798357,5.002507111645714,5.681283633921,False,-1,-0.09606215726412637
15299.0,12,1,2010-12-02 16:48:00,2011-10-03 14:19:00,304.8965277777778,0.039357614491255,371.83472222222224,0.25,1.0,0.4166666666666667,3787.09,315.59083333333336,464.16965347632686,Manual,0.42657342657342656,-0.009906759906759877,uk_online_retail,2.5649493574615367,5.757610193563865,6.14240218523282,False,-1,-0.0900925071012263
18072.0,36,1,2011-06-07 10:44:00,2011-07-07 17:22:00,30.27638888888889,1.1890453690536262,185.0875,0.5,1.0,0.5,-5.329070518200751e-15,-1.4802973661668753e-16,17.19598624264229,"BLACK TEA,COFFEE,SUGAR JARS",0.11320754716981132,0.3867924528301887,uk_online_retail,3.6109179126442243,0.0,2.9012010336425287,False,-1,-0.0891446906373452
17603.0,15,1,2011-03-17 14:39:00,2011-10-20 19:19:00,217.19444444444446,0.06906253996674766,266.9243055555556,0.06666666666666667,1.0,0.26666666666666666,-1165.3,-77.68666666666667,248.97847444728077,Manual,0.42657342657342656,-0.1599067599067599,uk_online_retail,2.772588722239781,0.0,5.521374811944361,False,-1,-0.0830950297261267
13217.0,7,1,2011-07-06 12:08:00,2011-08-09 15:32:00,34.141666666666666,0.2050280693190139,156.02916666666667,0.14285714285714285,1.0,0.42857142857142855,133.62,19.08857142857143,169.09056818054358,PACK OF SIX LED TEA LIGHTS,0.004739336492890996,0.42383209207853756,uk_online_retail,2.0794415416798357,3.000151067715702,5.136331049190429,False,-1,-0.0804285816303918
17900.0,11,1,2011-06-02 14:28:00,2011-06-28 12:09:00,25.903472222222224,0.42465349454438217,189.93194444444444,0.5454545454545454,1.0,0.45454545454545453,15.0,1.3636363636363635,21.405946497516652,BLUE/CREAM STRIPE CUSHION COVER ,0.07407407407407407,0.38047138047138046,uk_online_retail,2.4849066497880004,0.8602012652231115,3.109326392269566,False,-1,-0.07667120805329242
14410.0,287,1,2011-02-07 09:36:00,2011-11-24 11:16:00,290.06944444444446,0.9894182427579602,305.1347222222222,0.027874564459930314,1.0,0.3240418118466899,576.3,2.0080139372822297,8.250724225034268,FELT EGG COSY WHITE RABBIT ,0.008547008547008548,0.3154948032996813,uk_online_retail,5.662960480135946,1.1012800394818558,2.224701843057771,False,-1,-0.0757427183166226
12603.0,3,1,2011-11-18 10:42:00,2011-11-18 10:42:00,1.0,3.0,21.08888888888889,1.0,1.0,0.0,739.1999999999999,246.39999999999998,323.84514818042277,Manual,0.42657342657342656,-0.42657342657342656,uk_online_retail,1.3862943611198906,5.511006459958387,5.783348601646042,False,-1,-0.07492720841745726
17044.0,10,1,2010-12-15 16:34:00,2011-12-01 08:54:00,350.68055555555554,0.028515980830924,358.84444444444443,0.3,1.0,0.4,897.4300000000001,89.74300000000001,97.50788971496956,SILVER HANGING T-LIGHT HOLDER,0.10638297872340426,0.2936170212765958,uk_online_retail,2.3978952727983707,4.508031335183678,4.590136643599452,False,-1,-0.07304179357922691
16454.0,3,1,2011-04-13 10:36:00,2011-10-26 11:40:00,196.04444444444445,0.01530265245975969,240.09305555555557,0.3333333333333333,1.0,0.3333333333333333,-8.15,-2.716666666666667,10.958368187523785,Manual,0.42657342657342656,-0.09324009324009325,uk_online_retail,1.3862943611198906,0.0,2.4814313000435635,False,-1,-0.07136069328828964
17949.0,79,1,2010-12-03 13:12:00,2011-12-08 18:46:00,370.2319444444444,0.21337975068181733,370.9847222222222,0.012658227848101266,1.0,0.11392405063291139,52750.84,667.7321518987342,901.3215176399012,POPCORN HOLDER,0.04161849710982659,0.07230555352308479,uk_online_retail,4.382026634673881,6.505383609104509,6.804970906261159,False,-1,-0.0699605748164801
12504.0,15,1,2011-11-09 14:56:00,2011-11-21 16:02:00,12.045833333333333,1.2452438602559668,29.9125,1.0,1.0,0.4,114.0,7.6,75.93166805941848,CAKE STAND 3 TIER MAGIC GARDEN,0.1111111111111111,0.2888888888888889,uk_online_retail,2.772588722239781,2.151762203259462,4.342917600056761,False,-1,-0.06759880438833643
15769.0,147,1,2010-12-03 15:16:00,2011-12-02 13:52:00,363.94166666666666,0.40391088315435164,370.8986111111111,0.006802721088435374,1.0,0.11564625850340136,51823.72,352.54231292517005,374.43194182703905,JUMBO BAG OWLS,0.008915304606240713,0.10673095389716065,uk_online_retail,4.997212273764115,5.868003175274406,5.9280772079781725,False,-1,-0.06469392420703257
13672.0,16,1,2011-01-10 12:02:00,2011-02-11 13:55:00,32.078472222222224,0.4987768709544736,333.03333333333336,0.375,1.0,0.625,-71.46,-4.46625,32.32520231955247,HANGING RIDGE GLASS T-LIGHT HOLDER,0.6,0.025000000000000022,uk_online_retail,2.833213344056216,0.0,3.5063139371506935,False,-1,-0.06366838550441978
13791.0,17,1,2011-06-24 16:38:00,2011-10-27 14:38:00,124.91666666666667,0.13609072715143428,167.84166666666667,0.4117647058823529,1.0,0.35294117647058826,1047.68,61.62823529411765,121.4418247678335,CHARLOTTE BAG PINK POLKADOT,0.021879021879021878,0.3310621545915664,uk_online_retail,2.8903717578961645,4.137216219453742,4.8076360173297115,False,-1,-0.06339094335408124
12995.0,5,1,2011-09-15 15:44:00,2011-09-23 09:20:00,7.733333333333333,0.646551724137931,84.87916666666666,1.0,1.0,0.4,200.72,40.144,57.32546624319771,GOLD MUG BONE CHINA TREE OF LIFE,0.0625,0.3375,uk_online_retail,1.791759469228055,3.717078108472615,4.066038811758058,False,-1,-0.06273724334610242
17450.0,351,1,2010-12-07 09:23:00,2011-12-01 13:29:00,359.17083333333335,0.9772508439577267,367.14375,0.008547008547008548,1.0,0.039886039886039885,187482.17,534.1372364672364,852.7968451540067,COOK WITH WINE METAL SIGN ,0.01476510067114094,0.025120939214898948,uk_online_retail,5.863631175598097,6.282523230762397,6.749693279252625,False,-1,-0.062191609315707
14607.0,114,1,2011-03-23 15:22:00,2011-11-24 10:35:00,245.80069444444445,0.46379039024955293,260.89444444444445,0.02631578947368421,1.0,0.24561403508771928,11341.1,99.48333333333333,280.71714668938154,Manual,0.42657342657342656,-0.18095939148570728,uk_online_retail,4.74493212836325,4.609991876267305,5.640903541646811,False,-1,-0.06039979379525817
16998.0,6,1,2011-02-08 15:42:00,2011-07-13 09:49:00,154.7548611111111,0.038770995346583084,303.88055555555553,0.16666666666666666,1.0,0.3333333333333333,287.02000000000004,47.83666666666667,78.09381580296015,AIRLINE BAG VINTAGE TOKYO 78,0.024213075060532687,0.30912025827280065,uk_online_retail,1.9459101490553132,3.888481396845112,4.370634689706618,False,-1,-0.06032616903401933
17317.0,11,1,2011-09-11 12:45:00,2011-10-24 17:26:00,43.19513888888889,0.25465828523657175,89.00347222222223,0.6363636363636364,1.0,0.18181818181818182,2524.02,229.45636363636365,225.88967799670385,CHRISTMAS TOILET ROLL,0.007380073800738007,0.1744381080174438,uk_online_retail,2.4849066497880004,5.440061532742142,5.424463899330598,False,-1,-0.05916224997401276
12967.0,33,1,2010-12-03 09:49:00,2011-12-06 14:19:00,368.1875,0.08962824647767781,371.12569444444443,0.5757575757575758,1.0,0.42424242424242425,1194.75,36.20454545454545,76.07798154241594,CABIN BAG VINTAGE RETROSPOT,0.05555555555555555,0.36868686868686873,uk_online_retail,3.5263605246161616,3.616430943452874,4.344817656675217,False,-1,-0.05556325616672275
16029.0,274,1,2010-12-01 09:57:00,2011-11-01 10:27:00,335.0208333333333,0.8178595858466514,373.1201388888889,0.043795620437956206,1.0,0.11678832116788321,50992.61,186.10441605839415,933.7723490590415,JUMBO BAG RED RETROSPOT,0.020379805465493284,0.09640851570238992,uk_online_retail,5.616771097666572,5.2316668356652904,6.840303022701162,False,-1,-0.053715718933490586
18139.0,162,1,2011-11-21 14:06:00,2011-11-22 16:18:00,1.0916666666666666,148.3969465648855,17.947222222222223,1.0,1.0,0.018518518518518517,8393.22,51.809999999999995,95.23542989262086,3 TRADITIONAl BISCUIT CUTTERS  SET,0.020833333333333332,-0.0023148148148148147,uk_online_retail,5.093750200806762,3.9667005667188415,4.566797583970123,False,-1,-0.04742605040955028
13113.0,280,1,2010-12-08 13:07:00,2011-12-09 12:49:00,365.9875,0.7650534512790738,365.98819444444445,0.04642857142857143,1.0,0.28214285714285714,10510.0,37.535714285714285,122.90483858026657,PICNIC BASKET WICKER LARGE,0.03648068669527897,0.24566217044757815,uk_online_retail,5.638354669333745,3.6515854550829308,4.819513840174969,False,-1,-0.04651232479325629
12536.0,273,1,2011-10-11 14:52:00,2011-12-02 12:43:00,51.91041666666667,5.259060079463819,58.915277777777774,0.9487179487179487,1.0,0.04395604395604396,4106.82,15.043296703296702,618.0913079476328,Manual,0.42657342657342656,-0.3826173826173826,uk_online_retail,5.6131281063880705,2.7752911114506618,6.428252770606942,False,-1,-0.046123288717417776
16801.0,121,1,2011-03-11 13:56:00,2011-06-29 15:33:00,110.06736111111111,1.0993268011381918,272.95416666666665,0.371900826446281,1.0,0.371900826446281,867.83,7.172148760330579,21.1663232993125,GAOLERS KEYS DECORATIVE GARDEN ,0.0045662100456621,0.3673346164006189,uk_online_retail,4.804021044733257,2.100731880452268,3.0985741686171444,False,-1,-0.044581857265270086
17440.0,8,1,2011-04-06 12:05:00,2011-07-15 10:36:00,99.93819444444445,0.08004947502275711,247.03125,0.5,1.0,0.375,177.1,22.1375,35.29575156547072,AGED GLASS SILVER T-LIGHT HOLDER,0.014084507042253521,0.3609154929577465,uk_online_retail,2.1972245773362196,3.141454677899616,3.5917006976575765,False,-1,-0.04352867506481328
16532.0,4,1,2011-01-05 12:37:00,2011-11-22 11:08:00,320.93819444444443,0.01246345891277959,338.00902777777776,0.25,1.0,0.0,6748.8,1687.2,888.233482818566,CHILLI LIGHTS,0.008836524300441826,-0.008836524300441826,uk_online_retail,1.6094379124341003,7.43141815154962,6.79035983637275,False,-1,-0.04223749915224584
14109.0,14,1,2011-09-28 10:18:00,2011-11-16 13:51:00,49.14791666666667,0.2848543936246874,72.10555555555555,0.6428571428571429,1.0,0.35714285714285715,80.2,5.728571428571429,15.02553869872269,CHARLOTTE BAG PINK POLKADOT,0.021879021879021878,0.3352638352638353,uk_online_retail,2.70805020110221,1.9063628519670588,2.7741836183866653,False,-1,-0.04220186098861167
16041.0,6,1,2011-07-21 16:27:00,2011-11-09 12:25:00,110.83194444444445,0.05413601674206443,140.84930555555556,0.8333333333333334,1.0,0.0,3166.4,527.7333333333333,296.74456804913325,BREAD BIN DINER STYLE IVORY,0.07635467980295567,-0.07635467980295567,uk_online_retail,1.9459101490553132,6.2704842089811095,5.69623596474115,False,-1,-0.04062374736586605
16692.0,3,1,2011-02-23 15:41:00,2011-03-28 14:46:00,32.96180555555556,0.09101443168650585,288.88125,0.3333333333333333,1.0,0.0,1276.0,425.3333333333333,603.5947177811726,VINTAGE UNION JACK BUNTING,0.008146639511201629,-0.008146639511201629,uk_online_retail,1.3862943611198906,6.055221512910733,6.40455834559064,False,-1,-0.04023014855507523
14543.0,107,1,2010-12-10 11:51:00,2011-12-06 10:32:00,360.9451388888889,0.29644394250434336,364.0409722222222,0.04672897196261682,1.0,0.32710280373831774,2916.17,27.25392523364486,61.45677554117923,FRYING PAN UNION FLAG,0.018779342723004695,0.30832346101531305,uk_online_retail,4.68213122712422,3.3412323942640154,4.134474726141613,False,-1,-0.038203855067516224
13798.0,439,1,2010-12-02 17:24:00,2011-12-08 15:51:00,370.93541666666664,1.1834944313082354,371.8097222222222,0.15034168564920272,1.0,0.20501138952164008,36351.42,82.8050569476082,78.28786574996126,HOT BATHS METAL SIGN,0.015552099533437015,0.18945928998820308,uk_online_retail,6.0867747269123065,4.428493351104176,4.373085099908055,False,-1,-0.037880393550495106
12798.0,8,1,2011-06-22 10:11:00,2011-11-29 15:52:00,160.23680555555555,0.04992610762716639,170.11041666666668,0.75,1.0,0.0,6977.04,872.13,1240.4974824641927,RABBIT NIGHT LIGHT,0.014272121788772598,-0.014272121788772598,uk_online_retail,2.1972245773362196,6.772084456551737,7.1240735771283585,False,-1,-0.03777841235330959
14205.0,39,1,2010-12-09 13:38:00,2011-11-29 11:56:00,354.9291666666667,0.10988107955812779,364.96666666666664,0.358974358974359,1.0,0.38461538461538464,218.78,5.60974358974359,18.535005073924808,DOORMAT SPOTTY HOME SWEET HOME,0.006134969325153374,0.37848041529023124,uk_online_retail,3.6888794541139363,1.888544861846987,2.972207988242081,False,-1,-0.037587809393044735
12415.0,778,1,2011-01-06 11:12:00,2011-11-15 14:22:00,313.13194444444446,2.484575635936218,337.06805555555553,0.060411311053984576,1.0,0.07969151670951156,123725.45,159.0301413881748,182.42989087394255,DOLLY GIRL LUNCH BOX,0.011350737797956867,0.0683407789115547,uk_online_retail,6.658011045870748,5.075362181167943,5.211832528406727,False,-1,-0.036806235569453394
14680.0,320,1,2010-12-03 12:05:00,2011-11-14 16:59:00,346.20416666666665,0.9243100771461927,371.03125,0.1125,1.0,0.19375,26932.34,84.1635625,113.88314505539294,CHILLI LIGHTS,0.008836524300441826,0.18491347569955818,uk_online_retail,5.771441123130016,4.4445736721705,4.743915481800113,False,-1,-0.036188852445946385
12980.0,24,1,2010-12-16 11:36:00,2011-07-07 11:42:00,203.00416666666666,0.11822417438065722,358.0513888888889,0.16666666666666666,1.0,0.16666666666666666,7092.06,295.5025,294.11146506118183,SET/4 WHITE RETRO STORAGE CUBES ,0.049079754601226995,0.11758691206543967,uk_online_retail,3.2188758248682006,5.692055650105438,5.687353132638391,False,-1,-0.03563908656155257
16986.0,3,1,2011-11-09 15:52:00,2011-11-10 11:55:00,1.0,3.0,29.87361111111111,1.0,1.0,0.0,1873.2,624.4,1009.6534851125905,JUMBO  BAG BAROQUE BLACK WHITE,0.014583333333333334,-0.014583333333333334,uk_online_retail,1.3862943611198906,6.438391445023741,6.9183524155743275,False,-1,-0.03377476432220827
18102.0,433,1,2010-12-07 16:42:00,2011-12-09 11:50:00,366.7972222222222,1.1804887653638478,366.8388888888889,0.04157043879907621,1.0,0.004618937644341801,256438.49,592.2366974595843,713.0352548381301,CREAM HEART CARD HOLDER,0.009328358208955223,-0.004709420564613422,uk_online_retail,6.073044534100405,6.3855934719032135,6.570932337644596,False,-1,-0.032822823540344936
15973.0,6,1,2010-12-08 11:42:00,2011-04-18 09:39:00,130.91458333333333,0.04583141042982861,366.0472222222222,0.6666666666666666,1.0,0.3333333333333333,99.77000000000002,16.628333333333337,128.51008994108855,TWO DOOR CURIO CABINET,0.13541666666666666,0.19791666666666666,uk_online_retail,1.9459101490553132,2.869507456111907,4.863758792707408,False,-1,-0.032564499024477
17940.0,23,1,2011-02-10 09:29:00,2011-10-21 13:27:00,253.1652777777778,0.0908497413305976,302.13958333333335,0.21739130434782608,1.0,0.17391304347826086,1983.5800000000002,86.24260869565218,572.7636216642745,PACK OF 12 LONDON TISSUES ,0.003766478342749529,0.17014656513551132,uk_online_retail,3.1780538303479458,4.468692843404149,6.352217502555718,False,-1,-0.03215817732226989
15223.0,32,1,2011-04-04 12:17:00,2011-04-28 11:31:00,23.968055555555555,1.335110389986672,249.02291666666667,0.75,1.0,0.375,454.90000000000003,14.215625000000001,47.24574983018186,DELUXE SEWING KIT ,0.04057971014492753,0.33442028985507244,uk_online_retail,3.4965075614664802,2.7223228603889287,3.876307737484057,False,-1,-0.029806878369669554
14304.0,27,1,2011-02-11 14:48:00,2011-05-01 11:50:00,78.87638888888888,0.34230776003239954,300.91805555555555,0.37037037037037035,1.0,0.37037037037037035,197.1,7.3,21.9303179674588,BAKING SET SPACEBOY DESIGN,0.031055900621118012,0.33931446974925233,uk_online_retail,3.332204510175204,2.1162555148025524,3.132459963649325,False,-1,-0.029661754352567127
15502.0,252,1,2010-12-05 15:40:00,2011-11-24 12:48:00,353.88055555555553,0.7121046806439713,368.88194444444446,0.15873015873015872,1.0,0.15476190476190477,5541.46,21.989920634920637,290.5782902711179,Manual,0.42657342657342656,-0.2718115218115218,uk_online_retail,5.53338948872752,3.1350558866125695,5.675308546989541,False,-1,-0.028716447310378923
16403.0,15,1,2011-01-31 13:39:00,2011-02-10 16:40:00,10.125694444444445,1.4813798779233247,311.9659722222222,1.0,1.0,0.3333333333333333,161.04999999999998,10.736666666666666,10.679577751595847,CERAMIC STRAWBERRY CAKE MONEY BANK,0.022167487684729065,0.3111658456486043,uk_online_retail,2.772588722239781,2.4627178444988513,2.457841825342138,False,-1,-0.026803145669598072
17511.0,1076,1,2010-12-01 10:19:00,2011-12-07 10:12:00,370.9951388888889,2.9003075437122003,373.1048611111111,0.05297397769516728,1.0,0.1050185873605948,88125.38,81.90091078066915,87.97828932242288,JUMBO BAG RED RETROSPOT,0.020379805465493284,0.08463878189510152,uk_online_retail,6.981934677156389,4.417646048578717,4.488392399776394,False,-1,-0.02588976616721983
13271.0,101,1,2011-11-02 14:31:00,2011-11-02 14:43:00,1.0,101.0,36.92986111111111,1.0,1.0,0.04950495049504951,178.26,1.764950495049505,3.523482829179781,CHRISTMAS METAL TAGS ASSORTED ,0.03278688524590164,0.016718065249147866,uk_online_retail,4.624972813284271,1.0170227306727893,1.5092822345617385,False,-1,-0.025837982250925928
16124.0,16,1,2011-01-26 14:45:00,2011-01-27 16:05:00,1.0555555555555556,15.157894736842104,316.9201388888889,1.0,1.0,0.3125,187.15,11.696875,18.82009093805518,BREAD BIN DINER STYLE IVORY,0.07635467980295567,0.23614532019704432,uk_online_retail,2.833213344056216,2.5413559001939547,2.986696117087844,False,-1,-0.025528873303244493
13631.0,12,1,2011-03-17 17:13:00,2011-09-01 09:57:00,167.69722222222222,0.07155753590299978,266.8173611111111,0.08333333333333333,1.0,0.08333333333333333,3021.77,251.81416666666667,281.61697658209886,RED KITCHEN SCALES,0.03119584055459272,0.05213749277874061,uk_online_retail,2.5649493574615367,5.53265469973211,5.644092541277333,False,-1,-0.024610940050605934
16308.0,4,1,2011-03-23 14:46:00,2011-11-02 11:24:00,223.85972222222222,0.017868332723245586,260.9194444444444,0.25,1.0,0.0,2560.0,640.0,261.2789058968723,SMALL CHINESE STYLE SCISSOR,0.0,0.0,uk_online_retail,1.6094379124341003,6.46302945692067,5.569408463878681,False,-1,-0.02363779868525495
15154.0,92,1,2011-09-25 16:05:00,2011-09-26 16:43:00,1.0263888888888888,89.63464140730719,74.86458333333333,1.0,1.0,0.07608695652173914,240.27,2.611630434782609,4.898324512193517,VINTAGE PAISLEY STATIONERY SET,0.0,0.07608695652173914,uk_online_retail,4.532599493153256,1.2841593143684462,1.774668329597289,False,-1,-0.023326562013551433
18194.0,9,1,2011-09-18 13:29:00,2011-10-06 19:54:00,18.26736111111111,0.49268199961984416,81.97291666666666,0.7777777777777778,1.0,0.2222222222222222,896.0,99.55555555555556,102.74037267684878,6 ROCKET BALLOONS ,0.014492753623188406,0.2077294685990338,uk_online_retail,2.302585092994046,4.610710366363707,4.64189136132907,False,-1,-0.02321104105991456
15473.0,14,1,2011-10-10 11:12:00,2011-11-25 15:15:00,46.16875,0.30323541356436984,60.06805555555555,0.7857142857142857,1.0,0.21428571428571427,1465.2,104.65714285714286,126.31054352900794,PAPER CHAIN KIT 50'S CHRISTMAS ,0.008264462809917356,0.20602125147579692,uk_online_retail,2.70805020110221,4.660199350457656,4.8466293263991975,False,-1,-0.023040573994304148
14149.0,40,1,2011-05-03 09:44:00,2011-05-11 12:34:00,8.118055555555555,4.927288280581694,220.12916666666666,1.0,1.0,0.3,259.43,6.48575,15.235223507402601,BLUE SCOTTIE DOG W FLOWER PATTERN,0.019230769230769232,0.28076923076923077,uk_online_retail,3.713572066704308,2.0130012132526685,2.7871831724697524,False,-1,-0.022629739951554706
16013.0,151,1,2010-12-03 13:09:00,2011-12-06 10:36:00,367.89375,0.4104445916789834,370.9868055555556,0.059602649006622516,1.0,0.07947019867549669,33366.25,220.9685430463576,359.1704833704042,CHILLI LIGHTS,0.008836524300441826,0.07063367437505487,uk_online_retail,5.0238805208462765,5.402535673842791,5.886577484271468,False,-1,-0.021147703767373183
14646.0,2085,1,2010-12-20 10:09:00,2011-12-08 12:12:00,353.0854166666667,5.905086705884435,354.1118055555556,0.03357314148681055,1.0,0.002398081534772182,279489.02,134.04749160671463,170.41960724342832,SPACEBOY LUNCH BOX ,0.008658008658008658,-0.006259927123236476,uk_online_retail,7.643003635560718,4.905626506254316,5.144114394273551,False,-1,-0.021013092243080234
14513.0,18,1,2011-02-24 09:36:00,2011-08-31 11:25:00,188.07569444444445,0.0957061466829623,288.1347222222222,0.3888888888888889,1.0,0.3333333333333333,438.49,24.360555555555557,45.32796506926228,COLOUR GLASS T-LIGHT HOLDER HANGING,0.01875,0.3145833333333333,uk_online_retail,2.9444389791664403,3.2331950360938846,3.8357457759356004,False,-1,-0.0206559339190181
18022.0,191,1,2011-11-04 12:45:00,2011-11-04 12:45:00,1.0,191.0,35.00347222222222,1.0,1.0,0.0,668.11,3.497958115183246,3.608782929162597,RABBIT NIGHT LIGHT,0.014272121788772598,-0.014272121788772598,uk_online_retail,5.2574953720277815,1.5036235416181003,1.5279638154634148,False,-1,-0.018985825979157545
12744.0,229,1,2011-01-25 13:26:00,2011-10-19 11:18:00,266.9111111111111,0.8579635334276914,317.975,0.2445414847161572,1.0,0.03056768558951965,9120.39,39.82703056768559,527.9096921755636,Manual,0.42657342657342656,-0.3960057409839069,uk_online_retail,5.438079308923196,3.7093443759585187,6.2708177030610806,False,-1,-0.018782535306888337
16546.0,31,1,2010-12-02 12:07:00,2011-02-22 11:20:00,81.96736111111112,0.3781993171401218,372.02986111111113,0.3870967741935484,1.0,0.1935483870967742,-95.93,-3.0945161290322583,91.14179435870645,3 HOOK HANGER MAGIC GARDEN,0.047058823529411764,0.14648956356736242,uk_online_retail,3.4657359027997265,0.0,4.523328633582383,False,-1,-0.017343451057445947
14437.0,6,1,2010-12-09 09:27:00,2011-07-19 14:56:00,222.22847222222222,0.02699924064635682,365.1409722222222,0.8333333333333334,1.0,0.16666666666666666,-43.400000000000006,-7.233333333333334,48.67630498165064,ANTIQUE SILVER TEA GLASS ETCHED,0.01762114537444934,0.14904552129221732,uk_online_retail,1.9459101490553132,0.0,3.9055280584833714,False,-1,-0.016891783836622043
15004.0,158,1,2011-07-15 14:05:00,2011-07-15 14:05:00,1.0,158.0,146.94791666666666,1.0,1.0,0.0,1246.32,7.888101265822784,10.796379857521526,PARLOUR CERAMIC WALL HOOK,0.07142857142857142,-0.07142857142857142,uk_online_retail,5.0689042022202315,2.1847134458168407,2.4677926926659435,False,-1,-0.016878536153505208
13587.0,11,1,2011-10-07 12:31:00,2011-11-08 11:17:00,31.948611111111113,0.34430291701082466,63.013194444444444,0.7272727272727273,1.0,0.2727272727272727,347.0,31.545454545454547,147.0463353071838,CABIN BAG VINTAGE PAISLEY,0.08108108108108109,0.19164619164619162,uk_online_retail,2.4849066497880004,3.4826377136023297,4.997525301165816,False,-1,-0.016749614424029002
17500.0,5,1,2011-11-10 09:08:00,2011-11-22 14:25:00,12.220138888888888,0.4091606523839291,29.154166666666665,1.0,1.0,0.0,1138.0,227.6,213.4600079640212,LOVE SEAT ANTIQUE WHITE METAL,0.08888888888888889,-0.08888888888888889,uk_online_retail,1.791759469228055,5.43197375136071,5.368123277927228,False,-1,-0.01640327428644206
12888.0,7,1,2011-03-29 14:31:00,2011-05-09 16:02:00,41.06319444444444,0.17046895875260018,254.9298611111111,0.7142857142857143,1.0,0.2857142857142857,313.77,44.824285714285715,51.18110909868433,BLACK RECORD COVER FRAME,0.013020833333333334,0.2726934523809524,uk_online_retail,2.0794415416798357,3.8248142063546564,3.9547205347276972,False,-1,-0.0157138821208902
14096.0,5128,1,2011-08-30 10:49:00,2011-12-05 17:17:00,97.26944444444445,52.71953622526201,101.08402777777778,0.012285491419656786,1.0,0.0033151326053042123,57120.909999999996,11.139023010920436,62.8398596990738,SET OF 3 WOODEN HEART DECORATIONS,0.01016260162601626,-0.006847469020712048,uk_online_retail,8.542665987389269,2.496425305532985,4.156377755442926,False,-1,-0.015483334023376427
15073.0,76,1,2011-06-06 09:59:00,2011-11-30 10:44:00,177.03125,0.4293027360988526,186.11875,0.868421052631579,1.0,0.2894736842105263,612.43,8.05828947368421,21.61600378658725,CHILLI LIGHTS,0.008836524300441826,0.2806371599100845,uk_online_retail,4.343805421853684,2.2036803024158544,3.1186577878208492,False,-1,-0.015378625618450825
16698.0,5,1,2011-03-31 13:33:00,2011-04-27 10:52:00,26.888194444444444,0.18595521578553165,252.9701388888889,0.8,1.0,0.0,1998.0,399.6,244.37021095051662,PAPER CHAIN KIT EMPIRE,0.004464285714285714,-0.004464285714285714,uk_online_retail,1.791759469228055,5.992963423231718,5.502768135138781,False,-1,-0.01511307299891207
17857.0,56,1,2010-12-09 11:35:00,2011-12-06 13:41:00,362.0875,0.15465874961162704,365.0520833333333,0.08928571428571429,1.0,0.03571428571428571,26763.34,477.9167857142857,444.16185583475243,MAGIC DRAWING SLATE PURDEY,0.012345679012345678,0.023368606701940034,uk_online_retail,4.04305126783455,6.171526857296608,6.098437937012772,False,-1,-0.013905469538670223
14760.0,7,1,2011-02-15 16:27:00,2011-02-18 14:36:00,2.9229166666666666,2.3948681397006415,296.84930555555553,1.0,1.0,0.2857142857142857,53.8,7.685714285714285,17.80537639510686,GLASS JAR DIGESTIVE BISCUITS,0.07526881720430108,0.21044546850998463,uk_online_retail,2.0794415416798357,2.161679639916808,2.9341428074149882,False,-1,-0.012617402612497552
16800.0,164,1,2011-11-28 14:06:00,2011-11-28 14:06:00,1.0,164.0,10.947222222222223,1.0,1.0,0.0,1201.49,7.326158536585366,5.593083963263088,CERAMIC CAKE DESIGN SPOTTED MUG,0.05825242718446602,-0.05825242718446602,uk_online_retail,5.10594547390058,2.119402189737956,1.8860212152636437,False,-1,-0.012389367711164612
14145.0,12,1,2011-05-06 13:01:00,2011-10-24 12:10:00,170.96458333333334,0.07018997599405334,216.9923611111111,0.3333333333333333,1.0,0.08333333333333333,3148.2,262.34999999999997,295.8728612089997,EDWARDIAN PARASOL BLACK,0.01288659793814433,0.070446735395189,uk_online_retail,2.5649493574615367,5.573483945929398,5.693303970414322,False,-1,-0.009914496220552627
14586.0,27,1,2011-03-08 10:04:00,2011-04-26 17:32:00,49.31111111111111,0.5475439387111312,276.1152777777778,0.7037037037037037,1.0,0.2962962962962963,134.16,4.9688888888888885,12.269613915727978,10 COLOUR SPACEBOY PEN,0.024464831804281346,0.27183146449201495,uk_online_retail,3.332204510175204,1.7865607943188173,2.585476753401494,False,-1,-0.00982696337779998
16000.0,9,1,2011-12-07 12:14:00,2011-12-07 12:17:00,1.0,9.0,2.025,1.0,1.0,0.0,12393.7,1377.0777777777778,501.0296043593078,ALARM CLOCK BAKELIKE RED ,0.02981029810298103,-0.02981029810298103,uk_online_retail,2.302585092994046,7.228444892490058,6.218659090780207,False,-1,-0.00873982067071799
12357.0,131,1,2011-11-06 16:07:00,2011-11-06 16:07:00,1.0,131.0,32.863194444444446,1.0,1.0,0.0,6207.67,47.38679389312977,39.564761618762496,200 BENDY SKULL STRAWS,0.017543859649122806,-0.017543859649122806,uk_online_retail,4.882801922586371,3.8792269230435794,3.70289974930474,False,-1,-0.0074278980222328705
16333.0,45,1,2011-02-03 10:50:00,2011-12-02 12:19:00,302.06180555555557,0.14897613393138362,309.0833333333333,0.06666666666666667,1.0,0.0,26626.8,591.7066666666667,532.8805293360365,RED  HARMONICA IN BOX ,0.013313609467455622,-0.013313609467455622,uk_online_retail,3.828641396489095,6.384699616691842,6.280172086094252,False,-1,-0.006915307664837944
16462.0,4,1,2011-03-01 08:58:00,2011-10-06 18:16:00,219.3875,0.018232579340208537,283.1611111111111,0.25,1.0,0.25,102.0,25.5,42.78239513320092,WHITE WOOD GARDEN PLANT LADDER,0.03803131991051454,0.21196868008948547,uk_online_retail,1.6094379124341003,3.2771447329921766,3.77923179898568,False,-1,-0.006559083596272219
15482.0,127,1,2010-12-16 10:08:00,2011-11-24 10:46:00,343.0263888888889,0.3702339065264658,358.1125,0.06299212598425197,1.0,0.2283464566929134,6568.72,51.72220472440945,156.10331040343164,REGENCY CAKESTAND 3 TIER,0.08227272727272728,0.14607372942018612,uk_online_retail,4.852030263919617,3.9650367088268483,5.056903616990117,False,-1,-0.005531561467169488
17788.0,5,1,2011-08-02 10:38:00,2011-09-27 10:09:00,55.97986111111111,0.08931783503492079,129.09166666666667,0.6,1.0,0.0,1117.9,223.58,356.5104041258824,RED DINER WALL CLOCK,0.019067796610169493,-0.019067796610169493,uk_online_retail,1.791759469228055,5.414231991144392,5.879164464160615,False,-1,-0.005315348058269276
14670.0,132,1,2011-03-04 13:58:00,2011-03-04 14:13:00,1.0,132.0,279.9527777777778,1.0,1.0,0.0,411.53,3.1176515151515147,2.77767486373471,SLEEPING CAT ERASERS,0.003355704697986577,-0.003355704697986577,uk_online_retail,4.890349128221754,1.4152829802436395,1.3291087049562966,False,-1,-0.005192065401573798
16163.0,7,1,2010-12-09 16:28:00,2011-04-28 19:43:00,140.13541666666666,0.049951683639336955,364.8486111111111,0.7142857142857143,1.0,0.14285714285714285,441.59999999999997,63.08571428571428,256.32043863473854,PARTY BUNTING,0.011580775911986103,0.13127636694515674,uk_online_retail,2.0794415416798357,4.160221473030795,5.550322151168809,False,-1,-0.0040759258392123465
14156.0,1420,1,2010-12-02 17:08:00,2011-11-30 10:54:00,362.7402777777778,3.9146466135473417,371.8208333333333,0.0035211267605633804,1.0,0.014084507042253521,113384.14,79.84798591549296,167.15981099452804,CARRIAGE,0.013986013986013986,9.849305623953544e-05,uk_online_retail,7.259116128097101,4.392570674339822,5.124914783165878,False,-1,-0.004073877153262129
12688.0,171,1,2011-08-18 08:49:00,2011-08-18 08:49:00,1.0,171.0,113.1673611111111,1.0,1.0,0.0,4873.8099999999995,28.501812865497072,25.909800727775,"METAL SIGN,CUPCAKE SINGLE HOOK",0.008368200836820083,-0.008368200836820083,uk_online_retail,5.147494476813453,3.384451714525309,3.29249055957483,False,-1,-0.0038564795883885283
16024.0,64,1,2011-11-27 13:26:00,2011-11-27 13:26:00,1.0,64.0,11.975,1.0,1.0,0.0,251.24,3.925625,3.334370731427922,Manual,0.42657342657342656,-0.42657342657342656,uk_online_retail,4.174387269895637,1.594451170125777,1.4665764397022147,False,-1,-0.003662539998189107
16340.0,153,1,2011-08-24 14:53:00,2011-08-24 14:53:00,1.0,153.0,106.91458333333334,1.0,1.0,0.0,549.07,3.5886928104575166,4.424078359686382,36 FOIL HEART CAKE CASES,0.014354066985645933,-0.014354066985645933,uk_online_retail,5.0369526024136295,1.5235951927618707,1.6908479973785742,False,-1,-0.0030684594142403876
15006.0,144,1,2011-10-19 15:08:00,2011-10-19 15:08:00,1.0,144.0,50.90416666666667,1.0,1.0,0.0,502.09,3.486736111111111,4.336793283731626,BLOND DOLL DOORSTOP,0.0,0.0,uk_online_retail,4.976733742420574,1.5011255133880754,1.67462496393007,False,-1,-0.002764664585121812
15872.0,128,1,2011-11-25 11:54:00,2011-11-25 11:55:00,1.0,128.0,14.03888888888889,1.0,1.0,0.0,360.93,2.819765625,2.8723176366922143,TRADTIONAL ALPHABET STAMP SET,0.0049261083743842365,-0.0049261083743842365,uk_online_retail,4.859812404361672,1.3401890660241647,1.3538532003193873,False,-1,-0.0013688131975375661
16671.0,6,1,2011-06-28 11:20:00,2011-11-11 13:40:00,136.09722222222223,0.04408613123788142,164.0625,0.5,1.0,0.0,1692.27,282.045,277.77587308835876,TRADITIONAL CHRISTMAS RIBBONS,0.002717391304347826,-0.002717391304347826,uk_online_retail,1.9459101490553132,5.645605895603099,5.630408136721183,False,-1,-0.0012114828307213665
16554.0,74,1,2011-01-12 12:40:00,2011-12-06 14:52:00,328.09166666666664,0.22554672220670038,331.00694444444446,0.02702702702702703,1.0,0.2972972972972973,641.55,8.669594594594594,13.527446016296127,ANTIQUE GLASS DRESSING TABLE POT,0.05964912280701754,0.23764817449027978,uk_online_retail,4.31748811353631,2.268986384552715,2.676039688993682,False,-1,-0.0008693042452022626
14911.0,5903,1,2010-12-01 14:05:00,2011-12-08 15:54:00,372.0756944444444,15.86505135417114,372.9479166666667,0.035913942063357615,1.0,0.038285617482635946,132572.62,22.45851600880908,56.724447630901466,CARRIAGE,0.013986013986013986,0.024299603496621962,uk_online_retail,8.683385366280309,3.1552335849930726,4.0556807862194875,False,-1,-0.00019115123309820792
12365.0,23,1,2011-02-21 13:51:00,2011-02-21 14:04:00,1.0,23.0,290.9576388888889,1.0,1.0,0.043478260869565216,320.69,13.94304347826087,96.8437980102158,Manual,0.42657342657342656,-0.3830951657038614,uk_online_retail,3.1780538303479458,2.704245872362255,4.583372309209058,False,-1,-5.2536622914045594e-05
